id,first_name,last_name,email,gender,age
1,Adrien,Derricoat,aderricoat0@nbcnews.com,Male,71
2,Gaile,Galfour,ggalfour1@flavors.me,Male,81
3,Thaine,Baude,tbaude2@chronoengine.com,Male,43
4,Brynn,Oxbury,boxbury3@canalblog.com,Non-binary,88
5,Octavius,O'Mohun,oomohun4@techcrunch.com,Male,30
6,Jacob,Yakob,jyakob5@time.com,Male,79
7,Karon,Shaxby,kshaxby6@wikipedia.org,Female,96
8,Desirae,Murkin,dmurkin7@wp.com,Female,47
9,Bethina,Pessel,bpessel8@reddit.com,Female,33
10,Eldridge,Wilds,ewilds9@samsung.com,Male,78
11,Cybill,Colleford,ccolleforda@imdb.com,Female,32
12,Georgi,Gateley,ggateleyb@mlb.com,Male,52
13,Yettie,Tomowicz,ytomowiczc@issuu.com,Genderqueer,75
14,Thaddeus,Parsonage,tparsonaged@drupal.org,Agender,4
15,Linell,Grane,lgranee@boston.com,Female,7
16,Corny,Pendlebery,cpendleberyf@topsy.com,Male,97
17,Domingo,Ianilli,dianillig@springer.com,Male,65
18,Lexy,Baptist,lbaptisth@twitpic.com,Female,62
19,Garvy,Morey,gmoreyi@topsy.com,Polygender,21
20,Stephana,Abbe,sabbej@mozilla.org,Female,31
21,Winfred,Frizzell,wfrizzellk@census.gov,Male,71
22,Xymenes,Whye,xwhyel@fotki.com,Male,46
23,Waverly,Janku,wjankum@bbb.org,Male,84
24,Iggie,Meyer,imeyern@dot.gov,Male,24
25,Dasi,Finley,dfinleyo@wordpress.com,Female,51
26,Darcee,Dark,ddarkp@dailymail.co.uk,Female,87
27,Gale,Echalie,gechalieq@sbwire.com,Male,48
28,Gillian,Czaple,gczapler@hostgator.com,Genderqueer,9
29,Korry,Haking,khakings@foxnews.com,Female,100
30,Tobi,Stringer,tstringert@homestead.com,Female,81
31,Avigdor,Hakeworth,ahakeworthu@nps.gov,Male,89
32,Tades,Parncutt,tparncuttv@skyrock.com,Male,16
33,Zandra,Hauxley,zhauxleyw@bloglovin.com,Female,41
34,Micaela,Rhydderch,mrhydderchx@linkedin.com,Female,18
35,Melisent,Brandin,mbrandiny@sina.com.cn,Female,76
36,Sascha,Primett,sprimettz@linkedin.com,Male,64
37,Timoteo,Roderick,troderick10@acquirethisname.com,Non-binary,10
38,Michail,Clemoes,mclemoes11@theglobeandmail.com,Male,80
39,Davina,Chislett,dchislett12@devhub.com,Female,30
40,Bruis,Hartzogs,bhartzogs13@trellian.com,Non-binary,90
41,Hughie,Begbie,hbegbie14@elegantthemes.com,Male,73
42,Nadiya,Whimper,nwhimper15@newsvine.com,Female,58
43,Windham,Brewer,wbrewer16@wunderground.com,Male,43
44,Banky,Degan,bdegan17@buzzfeed.com,Male,82
45,Ahmed,Bowness,abowness18@redcross.org,Male,41
46,Ally,Baytrop,abaytrop19@kickstarter.com,Female,2
47,Thorin,Brunnstein,tbrunnstein1a@rediff.com,Male,47
48,Iosep,Hefforde,ihefforde1b@ezinearticles.com,Bigender,22
49,Harlen,O'Lyhane,holyhane1c@aol.com,Male,48
50,Bartholemy,Blinerman,bblinerman1d@mapy.cz,Non-binary,66
51,Julio,Keepence,jkeepence1e@ycombinator.com,Male,73
52,Brenna,Darell,bdarell1f@github.io,Genderfluid,58
53,Mandy,Chumley,mchumley1g@vinaora.com,Female,31
54,Allx,Probet,aprobet1h@youtu.be,Female,82
55,Lefty,Dilgarno,ldilgarno1i@yellowbook.com,Male,75
56,Innis,Klimkiewich,iklimkiewich1j@prweb.com,Male,80
57,Fairlie,Reily,freily1k@cmu.edu,Male,45
58,Vania,Halladey,vhalladey1l@businesswire.com,Female,10
59,Esther,Leggatt,eleggatt1m@webmd.com,Female,73
60,Angel,Girardot,agirardot1n@stanford.edu,Female,100
61,Myrah,Colvin,mcolvin1o@scribd.com,Female,69
62,Scotti,Kneeshaw,skneeshaw1p@reference.com,Male,44
63,Lesya,Stoneham,lstoneham1q@wiley.com,Female,86
64,Andris,Schwier,aschwier1r@nydailynews.com,Male,5
65,Rhett,Stefanovic,rstefanovic1s@sina.com.cn,Male,77
66,Brion,Verna,bverna1t@nymag.com,Male,94
67,Jessee,Dondon,jdondon1u@nih.gov,Male,6
68,Sigmund,Sygroves,ssygroves1v@friendfeed.com,Male,89
69,Shirlene,Attenbrow,sattenbrow1w@toplist.cz,Female,10
70,Lida,Rasch,lrasch1x@ning.com,Female,98
71,Micheil,Stang-Gjertsen,mstanggjertsen1y@washingtonpost.com,Male,9
72,Chere,Baughan,cbaughan1z@webs.com,Female,82
73,Puff,McPharlain,pmcpharlain20@boston.com,Male,83
74,Chiquita,Cruwys,ccruwys21@cnn.com,Female,43
75,Xever,Swidenbank,xswidenbank22@alibaba.com,Male,41
76,Annabell,Bale,abale23@blogger.com,Female,17
77,Lonnie,Lansdale,llansdale24@people.com.cn,Male,24
78,Kristo,Tebbett,ktebbett25@last.fm,Male,44
79,Modesty,Galletly,mgalletly26@devhub.com,Female,17
80,Bondie,Grishagin,bgrishagin27@ehow.com,Agender,89
81,Wilton,Welfair,wwelfair28@tuttocitta.it,Male,72
82,Merilee,Glazer,mglazer29@chicagotribune.com,Female,27
83,Jake,Brame,jbrame2a@reference.com,Male,54
84,Sabra,Eatherton,seatherton2b@live.com,Female,4
85,Corey,Aish,caish2c@dmoz.org,Male,55
86,Berti,Larcher,blarcher2d@narod.ru,Female,12
87,Horacio,Angeau,hangeau2e@parallels.com,Male,87
88,Beverly,Eslinger,beslinger2f@dion.ne.jp,Female,81
89,Edik,McCarron,emccarron2g@tmall.com,Male,94
90,Stanly,Canet,scanet2h@marketwatch.com,Male,35
91,Delmer,Ruck,druck2i@vk.com,Genderqueer,81
92,Wilie,Boorne,wboorne2j@squarespace.com,Female,26
93,Danit,Gawkroge,dgawkroge2k@dailymotion.com,Female,97
94,Alma,Fortey,afortey2l@geocities.jp,Female,5
95,Siegfried,Domenget,sdomenget2m@cocolog-nifty.com,Male,84
96,Neille,Baumadier,nbaumadier2n@arstechnica.com,Female,49
97,Caren,Faulconer,cfaulconer2o@about.me,Female,20
98,Maison,Novotne,mnovotne2p@ucoz.ru,Male,50
99,Nert,Fishbourne,nfishbourne2q@pen.io,Non-binary,61
100,Kassi,Skitterel,kskitterel2r@marriott.com,Female,62
101,Ford,Campelli,fcampelli2s@webmd.com,Non-binary,42
102,Forester,Siebart,fsiebart2t@angelfire.com,Male,33
103,Mitchel,Leatherbarrow,mleatherbarrow2u@cnn.com,Male,57
104,Virge,Doble,vdoble2v@free.fr,Agender,96
105,Noelani,Pursey,npursey2w@ucoz.com,Female,49
106,Mira,Renowden,mrenowden2x@bloglines.com,Non-binary,18
107,Susan,Blundel,sblundel2y@sitemeter.com,Female,100
108,Chlo,Olivera,colivera2z@reverbnation.com,Female,25
109,Amos,Kuna,akuna30@answers.com,Genderfluid,85
110,Aloysius,Duester,aduester31@meetup.com,Male,40
111,Lucius,Kopacek,lkopacek32@twitter.com,Male,94
112,Zolly,Twigge,ztwigge33@creativecommons.org,Male,66
113,Sutton,Kenworthey,skenworthey34@stanford.edu,Male,89
114,Woodman,Gurnee,wgurnee35@jugem.jp,Male,58
115,Ruby,Cranch,rcranch36@earthlink.net,Male,56
116,Gareth,Edward,gedward37@netvibes.com,Male,5
117,Kurtis,Tamburi,ktamburi38@accuweather.com,Male,56
118,Bobinette,Bohey,bbohey39@angelfire.com,Female,18
119,Bobby,O'Connel,boconnel3a@dailymotion.com,Male,77
120,Klemens,Simco,ksimco3b@biblegateway.com,Male,65
121,Theressa,Murrigans,tmurrigans3c@nifty.com,Female,19
122,Anissa,Hullett,ahullett3d@google.fr,Female,18
123,Theodosia,Edinburgh,tedinburgh3e@msn.com,Female,6
124,Godard,Hedditeh,ghedditeh3f@seattletimes.com,Genderqueer,33
125,Sherill,Sproule,ssproule3g@discovery.com,Female,71
126,Lionel,Bover,lbover3h@google.ru,Male,51
127,Christy,Barlace,cbarlace3i@jigsy.com,Genderqueer,62
128,Kary,Merkel,kmerkel3j@bloglines.com,Female,51
129,Cort,Lowry,clowry3k@ft.com,Male,77
130,Fayette,Bantham,fbantham3l@free.fr,Female,22
131,Linzy,Bryns,lbryns3m@mapquest.com,Female,5
132,Annis,Dewberry,adewberry3n@nydailynews.com,Female,38
133,Minna,Lidgard,mlidgard3o@blogspot.com,Female,80
134,Birgit,Twelvetrees,btwelvetrees3p@cornell.edu,Genderqueer,53
135,Jo-anne,Iseton,jiseton3q@aol.com,Female,14
136,Glendon,O'Shields,goshields3r@ehow.com,Male,14
137,Adel,Romero,aromero3s@unc.edu,Female,21
138,Marthena,Lacroux,mlacroux3t@ibm.com,Female,71
139,Claybourne,Novic,cnovic3u@japanpost.jp,Male,32
140,Jean,Rathjen,jrathjen3v@amazonaws.com,Male,53
141,Stanislas,Vasyagin,svasyagin3w@theglobeandmail.com,Male,16
142,Allyce,Rollinshaw,arollinshaw3x@samsung.com,Female,77
143,Gustav,Duff,gduff3y@dedecms.com,Male,75
144,Ortensia,Sillito,osillito3z@gravatar.com,Female,26
145,Rebe,Peach,rpeach40@accuweather.com,Female,53
146,Deeyn,Aslott,daslott41@lycos.com,Female,11
147,Andreana,Hugueville,ahugueville42@reverbnation.com,Female,3
148,Angel,Mullan,amullan43@zimbio.com,Male,51
149,Trixi,Kubasek,tkubasek44@sakura.ne.jp,Female,64
150,Chryste,Hannam,channam45@technorati.com,Non-binary,12
151,Vidovik,Hembery,vhembery46@stanford.edu,Male,3
152,Geoffry,Borland,gborland47@youtube.com,Male,18
153,Edward,Pescott,epescott48@ustream.tv,Male,95
154,Tobey,Dillestone,tdillestone49@bluehost.com,Female,94
155,Yvette,Elbourne,yelbourne4a@amazon.de,Female,54
156,Karlotta,Rodders,krodders4b@smh.com.au,Female,23
157,Lilla,Kestian,lkestian4c@npr.org,Female,97
158,Spencer,Tofano,stofano4d@cbslocal.com,Male,65
159,Manuel,Caslake,mcaslake4e@phoca.cz,Male,7
160,Brett,Yashin,byashin4f@addthis.com,Male,45
161,Mirna,Woolham,mwoolham4g@merriam-webster.com,Female,59
162,Otha,Primmer,oprimmer4h@sciencedaily.com,Female,26
163,Obie,Tackes,otackes4i@opera.com,Non-binary,40
164,Thadeus,Jorck,tjorck4j@prnewswire.com,Male,100
165,Sonny,Durnall,sdurnall4k@japanpost.jp,Female,12
166,Jeralee,Holdforth,jholdforth4l@cbsnews.com,Female,95
167,Olenolin,Daspar,odaspar4m@sbwire.com,Male,96
168,Winslow,Iskower,wiskower4n@jimdo.com,Male,10
169,Oneida,Castella,ocastella4o@studiopress.com,Female,16
170,Lucine,Threadgill,lthreadgill4p@go.com,Female,43
171,Hildegaard,Press,hpress4q@friendfeed.com,Female,40
172,Mona,Epple,mepple4r@printfriendly.com,Female,46
173,Anne-corinne,Bakhrushkin,abakhrushkin4s@bizjournals.com,Female,32
174,Moise,Brunini,mbrunini4t@upenn.edu,Male,15
175,Iorgos,Bresman,ibresman4u@desdev.cn,Male,81
176,Ulysses,Saill,usaill4v@furl.net,Male,80
177,Barris,Turbat,bturbat4w@webeden.co.uk,Male,18
178,Mikey,Tunnicliff,mtunnicliff4x@barnesandnoble.com,Male,74
179,Val,Deniscke,vdeniscke4y@furl.net,Male,38
180,Odell,Leadley,oleadley4z@cloudflare.com,Male,52
181,Ardra,Gauden,agauden50@dyndns.org,Female,91
182,Dolli,Stailey,dstailey51@cnn.com,Female,40
183,Hetty,Dryden,hdryden52@xrea.com,Female,27
184,Zed,Menci,zmenci53@friendfeed.com,Male,48
185,Randall,Eastwell,reastwell54@ox.ac.uk,Male,60
186,Ogdon,Knightsbridge,oknightsbridge55@google.com.hk,Polygender,32
187,Dorita,Ridolfo,dridolfo56@1688.com,Female,45
188,Roxie,Boothe,rboothe57@umich.edu,Female,76
189,Eveleen,Grabban,egrabban58@archive.org,Female,27
190,Paolina,Drummer,pdrummer59@sitemeter.com,Female,52
191,Sofie,Rousby,srousby5a@bbb.org,Female,27
192,Garvey,Ciottoi,gciottoi5b@answers.com,Male,94
193,Maegan,Mew,mmew5c@mozilla.com,Female,41
194,Silvano,Dobie,sdobie5d@cpanel.net,Male,16
195,Adey,Dechelette,adechelette5e@newsvine.com,Female,84
196,Hilliary,Trippitt,htrippitt5f@bbc.co.uk,Bigender,38
197,Dorey,Edmonds,dedmonds5g@java.com,Male,55
198,Raoul,Guillet,rguillet5h@google.com.hk,Bigender,73
199,Chrisy,Amsberger,camsberger5i@google.es,Male,37
200,Grannie,Shelliday,gshelliday5j@ucsd.edu,Male,27
201,Reinwald,Maleby,rmaleby5k@digg.com,Male,8
202,Jareb,Reihill,jreihill5l@desdev.cn,Male,43
203,Charleen,Batters,cbatters5m@posterous.com,Female,2
204,Annetta,Boulter,aboulter5n@google.nl,Female,58
205,Pasquale,Heaseman,pheaseman5o@newyorker.com,Male,69
206,Timothy,Burgon,tburgon5p@discuz.net,Male,69
207,Ayn,Gorghetto,agorghetto5q@elegantthemes.com,Female,1
208,Travers,Burgwyn,tburgwyn5r@nydailynews.com,Male,96
209,Archibold,Coite,acoite5s@mayoclinic.com,Male,29
210,Salmon,Terne,sterne5t@wordpress.com,Male,1
211,Afton,Grain,agrain5u@themeforest.net,Female,35
212,Hyatt,Hansell,hhansell5v@photobucket.com,Male,3
213,Warde,Gothup,wgothup5w@si.edu,Agender,52
214,Cassie,Biaggiotti,cbiaggiotti5x@posterous.com,Female,20
215,Kelvin,Lammerich,klammerich5y@slideshare.net,Male,85
216,Pooh,Wallage,pwallage5z@time.com,Male,35
217,Kellen,Raden,kraden60@unblog.fr,Male,54
218,Leah,Lamburne,llamburne61@meetup.com,Female,90
219,Bobbee,Hackelton,bhackelton62@privacy.gov.au,Female,33
220,Carlie,Boustred,cboustred63@imdb.com,Male,4
221,Alis,Cisco,acisco64@bandcamp.com,Genderqueer,96
222,Philippe,Compton,pcompton65@domainmarket.com,Female,60
223,Mahalia,McMennum,mmcmennum66@livejournal.com,Female,100
224,Wally,Dametti,wdametti67@edublogs.org,Male,15
225,Avrit,Stothard,astothard68@sitemeter.com,Female,54
226,Kylynn,Sarll,ksarll69@free.fr,Female,28
227,Lorrin,Winfindine,lwinfindine6a@soundcloud.com,Female,34
228,Oliy,Danilyak,odanilyak6b@sciencedirect.com,Female,78
229,Whittaker,Cocklin,wcocklin6c@amazon.de,Male,25
230,Rana,Pieracci,rpieracci6d@jiathis.com,Female,6
231,Jacquelynn,Nealy,jnealy6e@printfriendly.com,Female,77
232,Gram,Caulwell,gcaulwell6f@goo.gl,Male,85
233,Elbertine,Crease,ecrease6g@tuttocitta.it,Female,1
234,Dana,Strover,dstrover6h@google.fr,Female,52
235,Arthur,Rhelton,arhelton6i@homestead.com,Polygender,13
236,Angeli,Copelli,acopelli6j@diigo.com,Male,36
237,Robbert,Treadger,rtreadger6k@discovery.com,Male,58
238,Anderea,Burghall,aburghall6l@blogs.com,Female,45
239,Em,Astley,eastley6m@google.de,Male,2
240,Lillian,Pautard,lpautard6n@uiuc.edu,Female,7
241,Dael,Tompkinson,dtompkinson6o@omniture.com,Male,52
242,Dur,Arnely,darnely6p@hp.com,Male,85
243,Skipton,Jessard,sjessard6q@imdb.com,Male,45
244,Bethanne,Beckley,bbeckley6r@edublogs.org,Female,88
245,Lorna,Hinz,lhinz6s@tripod.com,Female,52
246,Duky,De Cruce,ddecruce6t@xrea.com,Male,9
247,Yvonne,Rogge,yrogge6u@go.com,Female,52
248,Filippo,Wyld,fwyld6v@dropbox.com,Male,7
249,Burlie,McGavigan,bmcgavigan6w@disqus.com,Male,42
250,Basil,Acarson,bacarson6x@163.com,Male,59
251,Demetrius,Ritzman,dritzman6y@deviantart.com,Bigender,23
252,Beryl,McAndie,bmcandie6z@dagondesign.com,Female,95
253,Clem,Rosson,crosson70@cnn.com,Male,34
254,Trixie,Curnow,tcurnow71@theatlantic.com,Female,74
255,Babara,Bottomer,bbottomer72@squidoo.com,Non-binary,83
256,Lalo,Kennet,lkennet73@networksolutions.com,Male,78
257,Annis,Ranaghan,aranaghan74@google.co.uk,Female,99
258,Alla,Loblie,aloblie75@army.mil,Female,60
259,Else,Vennings,evennings76@blog.com,Female,5
260,Inger,Kolin,ikolin77@bizjournals.com,Female,57
261,Terence,Bramham,tbramham78@prweb.com,Male,55
262,Rabbi,Vreiberg,rvreiberg79@ucsd.edu,Male,84
263,Angie,Minget,aminget7a@arizona.edu,Polygender,40
264,Bryna,Saward,bsaward7b@blogtalkradio.com,Genderfluid,62
265,Hallsy,Livingstone,hlivingstone7c@chicagotribune.com,Male,39
266,Sarita,Gorusso,sgorusso7d@yolasite.com,Female,1
267,Alphonse,Broodes,abroodes7e@cloudflare.com,Male,93
268,Elka,Ing,eing7f@who.int,Female,94
269,Estell,Garmston,egarmston7g@youku.com,Female,7
270,Sandor,Bedbury,sbedbury7h@netlog.com,Agender,73
271,Bryon,Hatrey,bhatrey7i@sohu.com,Male,83
272,Delcine,Eagle,deagle7j@canalblog.com,Female,63
273,Sabine,Coaster,scoaster7k@list-manage.com,Female,84
274,Sigismond,Placide,splacide7l@nydailynews.com,Male,87
275,Rhetta,Chasson,rchasson7m@gmpg.org,Female,59
276,Waverly,Gores,wgores7n@buzzfeed.com,Male,63
277,Tab,Pinson,tpinson7o@nasa.gov,Male,77
278,Kalindi,Billo,kbillo7p@lycos.com,Female,52
279,Wenda,Terzo,wterzo7q@nifty.com,Female,9
280,Minna,Dobby,mdobby7r@squidoo.com,Female,96
281,Kaila,Almond,kalmond7s@statcounter.com,Female,23
282,Seymour,Wondraschek,swondraschek7t@ask.com,Male,66
283,Clayborne,Burden,cburden7u@surveymonkey.com,Male,55
284,Melisa,Woodcraft,mwoodcraft7v@walmart.com,Genderqueer,18
285,Doria,Yalden,dyalden7w@redcross.org,Female,37
286,Elyssa,Gerrard,egerrard7x@moonfruit.com,Female,65
287,Wilbur,Breede,wbreede7y@dyndns.org,Male,57
288,Nettle,Nye,nnye7z@nsw.gov.au,Polygender,76
289,Casper,Rableau,crableau80@cdbaby.com,Non-binary,34
290,Aggi,Yorston,ayorston81@home.pl,Female,90
291,Donetta,Terbeck,dterbeck82@cpanel.net,Agender,28
292,Fabio,Dingwall,fdingwall83@blogger.com,Male,77
293,Tommy,Capron,tcapron84@bravesites.com,Agender,26
294,Caye,Lasslett,classlett85@canalblog.com,Female,54
295,Kenton,Lebbon,klebbon86@mozilla.com,Male,1
296,Gaynor,Stayt,gstayt87@vistaprint.com,Female,60
297,Sibylla,Teale,steale88@tripod.com,Female,14
298,Kelby,Donavan,kdonavan89@deliciousdays.com,Agender,44
299,Beatrice,Stearne,bstearne8a@tiny.cc,Female,3
300,Clayson,Bourcq,cbourcq8b@wsj.com,Genderfluid,37
301,Merrie,Pardue,mpardue8c@smh.com.au,Polygender,10
302,Morgan,Cracie,mcracie8d@com.com,Female,24
303,Zelda,Edowes,zedowes8e@elegantthemes.com,Female,5
304,Elianora,Wreford,ewreford8f@slate.com,Female,31
305,Noami,Echlin,nechlin8g@qq.com,Female,5
306,Jereme,Spaughton,jspaughton8h@sitemeter.com,Male,56
307,Marsh,Greir,mgreir8i@nps.gov,Male,57
308,Britta,Tuffley,btuffley8j@chronoengine.com,Female,76
309,Lonny,Loins,lloins8k@dropbox.com,Male,83
310,Tulley,Demicoli,tdemicoli8l@hubpages.com,Male,20
311,Vinny,Cornilleau,vcornilleau8m@bloglines.com,Female,85
312,Augustin,Pickrell,apickrell8n@whitehouse.gov,Male,33
313,Lulita,Artrick,lartrick8o@apple.com,Female,13
314,Cathrin,Bloxsum,cbloxsum8p@php.net,Female,31
315,Vaughn,Kaliszewski,vkaliszewski8q@walmart.com,Male,76
316,Gunter,Shurman,gshurman8r@google.fr,Male,54
317,Leesa,Height,lheight8s@lulu.com,Female,60
318,Kristyn,Order,korder8t@wisc.edu,Female,21
319,Mikol,Shawell,mshawell8u@exblog.jp,Male,40
320,Son,Counter,scounter8v@furl.net,Male,53
321,Anjela,Close,aclose8w@symantec.com,Female,76
322,Ferdy,Whales,fwhales8x@etsy.com,Male,11
323,Nico,Jeffrey,njeffrey8y@fotki.com,Male,34
324,Adan,Askew,aaskew8z@nbcnews.com,Female,28
325,Lucien,Choldcroft,lcholdcroft90@virginia.edu,Male,29
326,Addie,Kroger,akroger91@sciencedaily.com,Female,89
327,Bail,Touson,btouson92@hatena.ne.jp,Male,49
328,Leicester,Foskett,lfoskett93@symantec.com,Male,96
329,Westley,Cossington,wcossington94@yale.edu,Male,84
330,Thurstan,Ferrand,tferrand95@sohu.com,Polygender,68
331,Lina,Iredale,liredale96@freewebs.com,Female,18
332,Anderson,Swainsbury,aswainsbury97@aboutads.info,Male,95
333,Gregoire,Grahame,ggrahame98@stanford.edu,Male,59
334,Carol-jean,Linster,clinster99@privacy.gov.au,Female,87
335,Clyde,Rothman,crothman9a@prweb.com,Male,93
336,Huntington,Ruffey,hruffey9b@globo.com,Male,75
337,Jon,Pomfrett,jpomfrett9c@alexa.com,Male,51
338,Ray,Scolding,rscolding9d@umn.edu,Female,36
339,Kelsey,Longmate,klongmate9e@squidoo.com,Male,36
340,Helenka,Astbury,hastbury9f@a8.net,Female,82
341,Gabey,Oles,goles9g@slideshare.net,Female,58
342,Charisse,Jefferd,cjefferd9h@mozilla.org,Female,39
343,Tomlin,Gold,tgold9i@businessweek.com,Male,5
344,Haley,Bardill,hbardill9j@ask.com,Agender,88
345,Rosy,Torbeck,rtorbeck9k@joomla.org,Genderfluid,7
346,Rochester,Pickaver,rpickaver9l@eepurl.com,Male,33
347,Ezmeralda,Lidstone,elidstone9m@angelfire.com,Female,70
348,Fairfax,Pettman,fpettman9n@nature.com,Male,14
349,Jonah,Carnegy,jcarnegy9o@edublogs.org,Male,98
350,Caro,Abelovitz,cabelovitz9p@1und1.de,Female,19
351,Gerald,ffrench Beytagh,gffrenchbeytagh9q@timesonline.co.uk,Genderqueer,13
352,Kissee,Bustard,kbustard9r@mysql.com,Female,37
353,Waverley,Groves,wgroves9s@sphinn.com,Male,41
354,Raquel,Mehaffey,rmehaffey9t@utexas.edu,Female,80
355,Alikee,Jeacop,ajeacop9u@gizmodo.com,Female,61
356,Sena,Dow,sdow9v@smh.com.au,Female,78
357,Faith,Gorriessen,fgorriessen9w@shinystat.com,Female,76
358,Donalt,Slade,dslade9x@usatoday.com,Male,62
359,Theodoric,Kleyn,tkleyn9y@goo.ne.jp,Male,6
360,Natalya,Scarlin,nscarlin9z@comcast.net,Female,2
361,Amberly,Piola,apiolaa0@deviantart.com,Female,73
362,Milzie,Avramovic,mavramovica1@springer.com,Female,62
363,Sammy,Nardrup,snardrupa2@soup.io,Male,14
364,Honoria,Haskew,hhaskewa3@sciencedaily.com,Female,65
365,Barnie,Brettelle,bbrettellea4@zdnet.com,Male,47
366,Geneva,Shouler,gshoulera5@fastcompany.com,Bigender,39
367,Marilee,Stiles,mstilesa6@yelp.com,Female,13
368,Hedi,Sleightholme,hsleightholmea7@nydailynews.com,Female,72
369,Meredith,Asquez,masqueza8@npr.org,Female,69
370,Bobbie,Dugald,bdugalda9@uiuc.edu,Male,38
371,Jesselyn,St Louis,jstlouisaa@prweb.com,Female,51
372,Cyril,Phillpotts,cphillpottsab@ucsd.edu,Male,49
373,Cos,Kiloh,ckilohac@homestead.com,Male,89
374,Barnebas,Pyper,bpyperad@umn.edu,Male,32
375,Tamarra,Hush,thushae@cbsnews.com,Agender,82
376,Lucila,Lydiate,llydiateaf@dmoz.org,Female,94
377,Minni,Gaudon,mgaudonag@patch.com,Agender,76
378,Doe,Petrelluzzi,dpetrelluzziah@xinhuanet.com,Female,40
379,Judas,Kingsley,jkingsleyai@dailymail.co.uk,Genderfluid,11
380,Ferne,De Malchar,fdemalcharaj@plala.or.jp,Female,42
381,Palmer,Satford,psatfordak@pagesperso-orange.fr,Male,71
382,Nedda,Gianullo,ngianulloal@github.com,Female,81
383,Dall,Fidele,dfideleam@trellian.com,Male,66
384,Robbert,Meller,rmelleran@domainmarket.com,Male,1
385,Katusha,MacCallister,kmaccallisterao@barnesandnoble.com,Female,93
386,Winni,Rosebotham,wrosebothamap@imageshack.us,Female,80
387,Herrick,Canelas,hcanelasaq@slate.com,Male,58
388,Holly,Roskell,hroskellar@wix.com,Agender,10
389,Marius,Brumfitt,mbrumfittas@altervista.org,Male,11
390,Taffy,Clatworthy,tclatworthyat@elpais.com,Female,76
391,Ailina,Nann,anannau@google.nl,Female,59
392,Modesta,Ben,mbenav@twitpic.com,Female,91
393,Dannel,Predohl,dpredohlaw@opensource.org,Male,31
394,Jandy,Fishbourne,jfishbourneax@harvard.edu,Female,98
395,Creighton,Whellams,cwhellamsay@who.int,Male,83
396,Joeann,Lehrahan,jlehrahanaz@creativecommons.org,Female,15
397,Neal,Lawrenceson,nlawrencesonb0@cnn.com,Polygender,73
398,Ingrim,Christal,ichristalb1@hibu.com,Male,9
399,Aggy,Brockelsby,abrockelsbyb2@washington.edu,Female,34
400,Rafe,McLevie,rmclevieb3@discuz.net,Male,64
401,Eleanor,Elion,eelionb4@cam.ac.uk,Bigender,1
402,Judd,Palke,jpalkeb5@pcworld.com,Male,85
403,Winny,Davids,wdavidsb6@instagram.com,Male,96
404,Katie,De Castri,kdecastrib7@biglobe.ne.jp,Non-binary,59
405,Tomasine,Hillock,thillockb8@nytimes.com,Female,17
406,Fulton,Geer,fgeerb9@behance.net,Male,38
407,Estrella,Aldington,ealdingtonba@addthis.com,Female,28
408,Boniface,Shepeard,bshepeardbb@yolasite.com,Male,28
409,Hillard,Chadwin,hchadwinbc@canalblog.com,Male,90
410,Leonora,Radbone,lradbonebd@about.me,Female,93
411,Sandy,Spracklin,sspracklinbe@goodreads.com,Male,15
412,Jarret,Hawkyens,jhawkyensbf@123-reg.co.uk,Non-binary,28
413,Gabriel,Pallant,gpallantbg@elpais.com,Male,40
414,Jeniffer,Mattys,jmattysbh@spotify.com,Female,84
415,Adriane,Staresmeare,astaresmearebi@reuters.com,Female,24
416,Blair,Moretto,bmorettobj@moonfruit.com,Female,1
417,Zandra,Orteau,zorteaubk@cocolog-nifty.com,Female,52
418,Annabella,MacGall,amacgallbl@redcross.org,Female,66
419,Gretel,Dumsday,gdumsdaybm@diigo.com,Female,13
420,Stefano,Boud,sboudbn@economist.com,Male,44
421,Mary,Greenalf,mgreenalfbo@hibu.com,Female,89
422,Cary,Felderer,cfeldererbp@smh.com.au,Female,93
423,Karry,Oriel,korielbq@huffingtonpost.com,Female,84
424,Humfrey,Simson,hsimsonbr@ucla.edu,Male,82
425,Max,Gypps,mgyppsbs@miibeian.gov.cn,Non-binary,42
426,Lois,Gerardi,lgerardibt@furl.net,Female,6
427,Chicky,Scalia,cscaliabu@blinklist.com,Male,47
428,Herby,Karolczyk,hkarolczykbv@census.gov,Male,89
429,Monique,Durram,mdurrambw@free.fr,Female,97
430,Alfons,Harler,aharlerbx@redcross.org,Male,77
431,Stanleigh,Westwood,swestwoodby@ycombinator.com,Male,11
432,Cesar,Van der Brug,cvanderbrugbz@ed.gov,Male,1
433,Jeane,Baxill,jbaxillc0@simplemachines.org,Female,40
434,Ferguson,Drysdale,fdrysdalec1@ucoz.com,Male,37
435,Arlette,Greeding,agreedingc2@cnn.com,Female,90
436,Rex,Clemmey,rclemmeyc3@deliciousdays.com,Male,55
437,Frasquito,Crowth,fcrowthc4@istockphoto.com,Male,24
438,Lia,Coey,lcoeyc5@imdb.com,Female,54
439,Artair,Caghan,acaghanc6@ow.ly,Male,36
440,Mac,Malitrott,mmalitrottc7@xinhuanet.com,Male,9
441,Marybelle,Conneau,mconneauc8@163.com,Non-binary,8
442,Felix,Ettridge,fettridgec9@sciencedaily.com,Male,32
443,Alvera,Fleischmann,afleischmannca@irs.gov,Female,77
444,Hadlee,McGloin,hmcgloincb@cmu.edu,Polygender,4
445,Thayne,Order,tordercc@meetup.com,Male,100
446,Lavinie,Vasilyev,lvasilyevcd@csmonitor.com,Female,48
447,Fredelia,Lilley,flilleyce@google.de,Female,36
448,Christopher,Faloon,cfalooncf@newsvine.com,Male,27
449,Jarid,Cargill,jcargillcg@mysql.com,Male,8
450,Hube,Elcombe,helcombech@topsy.com,Male,70
451,Dale,Ludman,dludmanci@washington.edu,Male,87
452,Alia,Glanert,aglanertcj@arstechnica.com,Female,85
453,Xever,Larrington,xlarringtonck@163.com,Male,86
454,Olympe,Pyrke,opyrkecl@people.com.cn,Female,14
455,Romona,Cardenas,rcardenascm@seattletimes.com,Polygender,44
456,Oliviero,Fishly,ofishlycn@ycombinator.com,Male,32
457,Abe,Tyne,atyneco@list-manage.com,Male,24
458,Brice,Bastistini,bbastistinicp@usatoday.com,Male,88
459,Terza,Cain,tcaincq@list-manage.com,Female,46
460,Abby,Dragonette,adragonettecr@pbs.org,Male,44
461,Anica,Andrusov,aandrusovcs@tmall.com,Female,11
462,Dredi,McArte,dmcartect@elpais.com,Female,3
463,Xever,Goodge,xgoodgecu@yolasite.com,Male,58
464,Yuri,Romney,yromneycv@scientificamerican.com,Male,27
465,Gothart,Biggerstaff,gbiggerstaffcw@epa.gov,Male,57
466,Von,Brooking,vbrookingcx@diigo.com,Male,89
467,Luigi,Gallacher,lgallachercy@google.de,Male,10
468,Hedvig,Parmeter,hparmetercz@earthlink.net,Female,74
469,Milena,Gantzer,mgantzerd0@yellowpages.com,Female,82
470,Antone,Beswetherick,abeswetherickd1@telegraph.co.uk,Agender,88
471,Vittorio,Sinnott,vsinnottd2@cbc.ca,Male,5
472,Chlo,Snaden,csnadend3@jugem.jp,Female,61
473,Jecho,Wolfit,jwolfitd4@vistaprint.com,Non-binary,87
474,Gratiana,Redholls,gredhollsd5@howstuffworks.com,Female,99
475,Alena,Kliemchen,akliemchend6@parallels.com,Female,59
476,Rory,Chazelas,rchazelasd7@etsy.com,Female,12
477,Bess,Oldknowe,boldknowed8@amazonaws.com,Female,62
478,Hester,Brimblecombe,hbrimblecombed9@addthis.com,Female,28
479,Ulla,Dundredge,udundredgeda@so-net.ne.jp,Female,62
480,Witty,Simeon,wsimeondb@addtoany.com,Male,76
481,Bessy,Skipperbottom,bskipperbottomdc@foxnews.com,Female,32
482,Beatrisa,Usborn,busborndd@google.ca,Female,13
483,Ruggiero,Maddocks,rmaddocksde@wikipedia.org,Agender,17
484,Chrotoem,Mollison,cmollisondf@ucoz.ru,Male,57
485,Christy,Antonazzi,cantonazzidg@globo.com,Male,57
486,Wendie,Giacobillo,wgiacobillodh@hibu.com,Female,54
487,Maryl,McAne,mmcanedi@nature.com,Female,3
488,Jerrold,Sangwin,jsangwindj@simplemachines.org,Male,22
489,Pauletta,Titt,ptittdk@buzzfeed.com,Genderqueer,22
490,Ophelie,Merigeau,omerigeaudl@parallels.com,Female,39
491,Fransisco,McBrady,fmcbradydm@dagondesign.com,Male,62
492,Merrie,Shedden,msheddendn@google.com.br,Female,83
493,Hillary,Blinerman,hblinermando@sfgate.com,Female,79
494,Myrlene,Unthank,munthankdp@nytimes.com,Genderqueer,29
495,Eustace,Cottisford,ecottisforddq@mozilla.com,Male,53
496,Ashley,Exley,aexleydr@microsoft.com,Female,46
497,Gaile,Wrey,gwreyds@dedecms.com,Bigender,66
498,Prudence,Pollack,ppollackdt@cnn.com,Female,94
499,Valene,McAnulty,vmcanultydu@cyberchimps.com,Female,52
500,Wayne,Dulen,wdulendv@163.com,Male,39
501,Rosabel,Eastop,reastopdw@soup.io,Female,47
502,Talbert,Edsall,tedsalldx@ed.gov,Male,57
503,Joan,Dumbelton,jdumbeltondy@usa.gov,Female,33
504,Kerby,Wellsman,kwellsmandz@cyberchimps.com,Male,39
505,Nicole,Crees,ncreese0@illinois.edu,Female,85
506,Morena,Antognoni,mantognonie1@printfriendly.com,Female,60
507,Sheila-kathryn,Boxell,sboxelle2@cam.ac.uk,Female,81
508,Kathye,Shovelbottom,kshovelbottome3@1688.com,Non-binary,50
509,Gustave,Humphris,ghumphrise4@prweb.com,Male,8
510,Ailey,Ellershaw,aellershawe5@msu.edu,Female,55
511,Giordano,Swainger,gswaingere6@bravesites.com,Male,9
512,Trey,Rigardeau,trigardeaue7@reference.com,Male,83
513,Bobinette,Crofthwaite,bcrofthwaitee8@t-online.de,Female,59
514,Roana,Gutridge,rgutridgee9@cdbaby.com,Female,10
515,Remus,Empringham,rempringhamea@posterous.com,Male,14
516,Camella,Blenkiron,cblenkironeb@woothemes.com,Female,93
517,Iain,Mallett,imallettec@msn.com,Male,42
518,Marybelle,Dallman,mdallmaned@adobe.com,Female,97
519,Gianni,Ivimy,givimyee@flickr.com,Bigender,85
520,L;urette,Coppin,lcoppinef@boston.com,Female,9
521,Tyrone,Zannolli,tzannollieg@hugedomains.com,Male,5
522,Xymenes,Filippone,xfilipponeeh@guardian.co.uk,Male,44
523,Genevra,Coburn,gcoburnei@wordpress.org,Genderqueer,19
524,Giustina,Klimmek,gklimmekej@nasa.gov,Genderfluid,51
525,Reed,Dowzell,rdowzellek@geocities.com,Male,22
526,Haroun,Rentelll,hrentelllel@tripod.com,Non-binary,22
527,Flin,Darnody,fdarnodyem@shinystat.com,Male,70
528,Tremain,Wallbrook,twallbrooken@com.com,Male,19
529,Elysee,Crickmore,ecrickmoreeo@mit.edu,Female,77
530,Corrina,Wagstaffe,cwagstaffeep@nifty.com,Female,3
531,Dorolice,Iczokvitz,diczokvitzeq@zdnet.com,Female,10
532,Toddy,Bletso,tbletsoer@utexas.edu,Male,38
533,Jennine,Muzzall,jmuzzalles@shop-pro.jp,Female,27
534,Joane,Cocher,jcocheret@loc.gov,Female,52
535,Merrilee,Mikalski,mmikalskieu@weibo.com,Female,49
536,Caritta,Crannell,ccrannellev@slashdot.org,Female,90
537,Grete,Boyne,gboyneew@latimes.com,Female,77
538,Baird,Pettiward,bpettiwardex@wordpress.org,Male,66
539,Bria,Odby,bodbyey@hexun.com,Female,82
540,Waylon,Gordge,wgordgeez@surveymonkey.com,Male,56
541,Anica,Djorevic,adjorevicf0@jimdo.com,Female,54
542,Ines,MacKibbon,imackibbonf1@cbslocal.com,Female,16
543,Amalea,Hagston,ahagstonf2@sogou.com,Female,1
544,Olin,Crebo,ocrebof3@shutterfly.com,Male,69
545,Lorrie,Gurley,lgurleyf4@amazonaws.com,Male,50
546,Meriel,Easlea,measleaf5@geocities.jp,Female,11
547,Paule,Houlton,phoultonf6@ed.gov,Female,80
548,Dante,Hutchason,dhutchasonf7@ask.com,Male,4
549,Roseanna,Whitley,rwhitleyf8@digg.com,Female,32
550,Petronille,Newlin,pnewlinf9@vinaora.com,Female,41
551,Isak,Kemshell,ikemshellfa@wikispaces.com,Male,64
552,Field,Dahmel,fdahmelfb@cornell.edu,Male,48
553,Anna-diane,Wohler,awohlerfc@psu.edu,Female,90
554,Rafaelita,Raison,rraisonfd@rambler.ru,Female,91
555,Pavel,D'Angeli,pdangelife@opensource.org,Male,52
556,Cecilius,Bielfelt,cbielfeltff@smh.com.au,Male,75
557,Waite,Fillis,wfillisfg@chicagotribune.com,Male,31
558,Merci,Cudd,mcuddfh@ft.com,Female,21
559,Ambrosio,Sargant,asargantfi@last.fm,Male,84
560,Celine,Soall,csoallfj@boston.com,Female,74
561,Genovera,Edgerly,gedgerlyfk@hostgator.com,Female,3
562,Tobin,Corrington,tcorringtonfl@narod.ru,Male,91
563,Tobi,Drinkall,tdrinkallfm@4shared.com,Female,14
564,Valeria,Clemendot,vclemendotfn@dell.com,Female,73
565,Grady,Albasini,galbasinifo@tripod.com,Male,31
566,Gwendolyn,Kalkofer,gkalkoferfp@technorati.com,Female,43
567,Sapphira,Steptowe,ssteptowefq@eventbrite.com,Female,24
568,Taber,O'Skehan,toskehanfr@economist.com,Male,49
569,Dallas,Happert,dhappertfs@technorati.com,Male,57
570,Batsheva,Haggidon,bhaggidonft@nhs.uk,Female,20
571,Fay,Salmoni,fsalmonifu@behance.net,Female,49
572,Raff,Frayling,rfraylingfv@indiatimes.com,Male,8
573,Matilda,Barnett,mbarnettfw@illinois.edu,Female,48
574,Josias,Fairhead,jfairheadfx@cpanel.net,Male,55
575,Burnard,Bwy,bbwyfy@networkadvertising.org,Agender,85
576,Maurita,St. Pierre,mstpierrefz@google.ca,Female,43
577,Sashenka,Ebden,sebdeng0@cafepress.com,Female,39
578,Star,Ashbolt,sashboltg1@theguardian.com,Female,8
579,Nichol,Crisall,ncrisallg2@va.gov,Female,37
580,Carly,Kusick,ckusickg3@live.com,Male,52
581,Inga,Abdon,iabdong4@arstechnica.com,Female,62
582,Curr,Elwel,celwelg5@va.gov,Male,33
583,Stephen,Burriss,sburrissg6@patch.com,Male,50
584,Marabel,Immer,mimmerg7@rambler.ru,Female,51
585,Reinhold,Okell,rokellg8@trellian.com,Male,19
586,Mildrid,Quilligan,mquilligang9@cloudflare.com,Female,61
587,Malvin,Francke,mfranckega@freewebs.com,Male,29
588,Christoph,Cheater,ccheatergb@amazon.com,Male,59
589,Tabitha,Dagnan,tdagnangc@chicagotribune.com,Female,21
590,Kennett,Plumridege,kplumridegegd@buzzfeed.com,Male,2
591,Hercules,Dunlap,hdunlapge@creativecommons.org,Male,1
592,Karl,Antonignetti,kantonignettigf@intel.com,Male,27
593,Fidelia,Hender,fhendergg@xing.com,Genderqueer,77
594,Field,Edgecumbe,fedgecumbegh@reverbnation.com,Male,3
595,Kacy,Conlaund,kconlaundgi@bloglovin.com,Female,41
596,Ilyse,Remnant,iremnantgj@slate.com,Female,76
597,Red,Neil,rneilgk@homestead.com,Male,33
598,Nikolos,Cromly,ncromlygl@slideshare.net,Male,80
599,Gunner,Godain,ggodaingm@ezinearticles.com,Genderqueer,43
600,Pepi,Spoor,pspoorgn@tinyurl.com,Female,54
601,Elenore,Mularkey,emularkeygo@infoseek.co.jp,Female,23
602,Hali,Peres,hperesgp@mail.ru,Female,35
603,Con,Ambroix,cambroixgq@cbslocal.com,Male,64
604,Domingo,Panther,dpanthergr@imdb.com,Male,11
605,Rowen,Farney,rfarneygs@ibm.com,Male,37
606,Rivkah,Littley,rlittleygt@google.com.au,Female,44
607,Ed,Kindell,ekindellgu@noaa.gov,Male,73
608,Sheri,Mosson,smossongv@example.com,Female,45
609,Hilarius,Verling,hverlinggw@chicagotribune.com,Male,42
610,Nedi,Whysall,nwhysallgx@furl.net,Female,75
611,Ellyn,Verrell,everrellgy@shutterfly.com,Female,92
612,Aubine,Errington,aerringtongz@cnn.com,Female,45
613,Lazaro,Rolley,lrolleyh0@jugem.jp,Male,54
614,Kellsie,De Meis,kdemeish1@craigslist.org,Female,88
615,Hernando,Ivanishev,hivanishevh2@artisteer.com,Male,27
616,Vin,Likely,vlikelyh3@telegraph.co.uk,Male,65
617,Taddeusz,Loveless,tlovelessh4@oracle.com,Male,9
618,Allister,Chinn,achinnh5@moonfruit.com,Male,67
619,Mina,Jaume,mjaumeh6@biglobe.ne.jp,Non-binary,22
620,Jermaine,Michal,jmichalh7@360.cn,Male,90
621,Sheena,Mingame,smingameh8@phpbb.com,Female,62
622,Alikee,Milam,amilamh9@nymag.com,Female,62
623,Lucia,Aldiss,laldissha@1und1.de,Female,56
624,Abby,Longfellow,alongfellowhb@jugem.jp,Male,26
625,Lucinda,Mucklo,lmucklohc@w3.org,Female,84
626,Garnette,Johnys,gjohnyshd@networksolutions.com,Female,15
627,Ulric,Citrine,ucitrinehe@comsenz.com,Male,100
628,Christopher,Gocher,cgocherhf@mysql.com,Male,36
629,Garey,Streeting,gstreetinghg@comsenz.com,Bigender,5
630,Royal,Dorr,rdorrhh@mysql.com,Male,46
631,Janelle,Grahame,jgrahamehi@addthis.com,Female,65
632,Lester,Bastiman,lbastimanhj@independent.co.uk,Male,94
633,Morganne,Lowth,mlowthhk@hc360.com,Female,90
634,Bill,Fletcher,bfletcherhl@hubpages.com,Male,36
635,Elsworth,Paskins,epaskinshm@paginegialle.it,Male,77
636,Ginger,Hanhart,ghanharthn@biblegateway.com,Female,48
637,Claire,MacGillicuddy,cmacgillicuddyho@purevolume.com,Male,81
638,Brett,Ruffell,bruffellhp@cbslocal.com,Polygender,88
639,Phylis,Calow,pcalowhq@netlog.com,Female,41
640,Tatiana,Buntain,tbuntainhr@netvibes.com,Female,92
641,Isabella,McVeighty,imcveightyhs@goo.ne.jp,Polygender,99
642,Orv,Angerstein,oangersteinht@posterous.com,Male,5
643,Willyt,Mullen,wmullenhu@tripod.com,Female,43
644,Erhard,Tiesman,etiesmanhv@umich.edu,Male,27
645,Willy,Benoi,wbenoihw@google.ca,Male,9
646,Greggory,Kevlin,gkevlinhx@dailymotion.com,Male,8
647,Jermaine,Verbrugghen,jverbrugghenhy@huffingtonpost.com,Female,4
648,David,Randales,drandaleshz@wisc.edu,Male,35
649,Zachery,Kirrens,zkirrensi0@unesco.org,Male,16
650,Yorker,Hakes,yhakesi1@tmall.com,Male,77
651,Toddy,Oliffe,toliffei2@wsj.com,Male,55
652,Iorgo,Pfleger,ipflegeri3@scientificamerican.com,Male,82
653,Trueman,Dickie,tdickiei4@mozilla.com,Male,91
654,Dalila,Dukes,ddukesi5@scribd.com,Female,17
655,El,Cutbush,ecutbushi6@fastcompany.com,Male,76
656,Aubrey,Weatherall,aweatheralli7@toplist.cz,Male,67
657,Reggy,Bellocht,rbellochti8@ameblo.jp,Male,32
658,Barris,Berrey,bberreyi9@gravatar.com,Male,93
659,Kanya,Caltun,kcaltunia@yellowbook.com,Female,100
660,Corene,Wearne,cwearneib@list-manage.com,Female,93
661,Benton,Elia,beliaic@amazon.de,Male,60
662,Cobby,Winship,cwinshipid@pen.io,Male,29
663,Freda,Klima,fklimaie@gnu.org,Female,71
664,Morgun,Bownd,mbowndif@mapquest.com,Male,73
665,Bryon,Vamplus,bvamplusig@51.la,Male,1
666,Mendy,Deabill,mdeabillih@meetup.com,Male,26
667,Kippy,Plant,kplantii@issuu.com,Female,40
668,Antonius,Hearty,aheartyij@imageshack.us,Male,47
669,Leola,Dayly,ldaylyik@stumbleupon.com,Polygender,71
670,Erin,Eley,eeleyil@boston.com,Male,56
671,Callida,Tailour,ctailourim@nbcnews.com,Non-binary,76
672,Scot,Stainton,sstaintonin@blogs.com,Male,1
673,Haven,Burnham,hburnhamio@europa.eu,Male,37
674,Mellisent,Kennerley,mkennerleyip@pcworld.com,Female,96
675,Reade,Kelsell,rkelselliq@si.edu,Male,37
676,Lauryn,Wisher,lwisherir@indiatimes.com,Female,22
677,Tatiana,Boyan,tboyanis@t-online.de,Female,9
678,Mike,Hinrichs,mhinrichsit@ask.com,Male,3
679,Shayna,Dannett,sdannettiu@altervista.org,Female,79
680,Willie,Kesley,wkesleyiv@dell.com,Female,6
681,Gertruda,MacIlriach,gmacilriachiw@netlog.com,Female,55
682,Nicko,Teaser,nteaserix@tripod.com,Male,55
683,Haley,Simak,hsimakiy@mashable.com,Male,36
684,Isahella,Mettricke,imettrickeiz@spiegel.de,Female,42
685,Malchy,Heintze,mheintzej0@quantcast.com,Male,37
686,Arabele,Goodoune,agoodounej1@free.fr,Female,79
687,Jdavie,McLoughlin,jmcloughlinj2@istockphoto.com,Male,50
688,Toby,Tune,ttunej3@youtube.com,Female,49
689,Elysha,Bloodworth,ebloodworthj4@examiner.com,Female,78
690,Raphaela,Grouse,rgrousej5@google.ca,Female,26
691,Juliana,Charrisson,jcharrissonj6@msu.edu,Female,3
692,Mata,Sackler,msacklerj7@jiathis.com,Male,5
693,Quillan,Gilkison,qgilkisonj8@elegantthemes.com,Male,88
694,Joelle,Bispham,jbisphamj9@usgs.gov,Female,98
695,Torrance,Duligall,tduligallja@webeden.co.uk,Male,95
696,Shelby,Edgehill,sedgehilljb@wiley.com,Male,11
697,Fenelia,Presland,fpreslandjc@aol.com,Female,40
698,Roanne,Campa,rcampajd@themeforest.net,Female,98
699,Earlie,Whittall,ewhittallje@hatena.ne.jp,Male,98
700,Tabbi,Note,tnotejf@sfgate.com,Female,22
701,Cyb,Smy,csmyjg@barnesandnoble.com,Female,39
702,Jerald,O'Duane,joduanejh@wunderground.com,Agender,93
703,Clementina,Gyver,cgyverji@hao123.com,Female,62
704,Shannon,Burree,sburreejj@opensource.org,Male,75
705,Reba,Dauncey,rdaunceyjk@msn.com,Female,77
706,Lawrence,Mosdall,lmosdalljl@bizjournals.com,Male,6
707,Meris,Corbyn,mcorbynjm@is.gd,Female,35
708,Drusi,Warrior,dwarriorjn@opensource.org,Female,23
709,Lewie,Belderfield,lbelderfieldjo@last.fm,Male,2
710,Murry,Goodricke,mgoodrickejp@census.gov,Male,56
711,Borg,Itscowics,bitscowicsjq@wikia.com,Male,29
712,Elvin,Mowat,emowatjr@boston.com,Male,32
713,Melany,Lepope,mlepopejs@creativecommons.org,Female,4
714,Cortney,Siviour,csiviourjt@google.pl,Female,24
715,Keir,Doram,kdoramju@auda.org.au,Male,30
716,Brion,MacGinley,bmacginleyjv@japanpost.jp,Male,35
717,Jenni,MacIver,jmaciverjw@ihg.com,Female,52
718,Fax,Siddons,fsiddonsjx@imageshack.us,Male,47
719,Lurline,Bolliver,lbolliverjy@ow.ly,Female,26
720,Sibelle,Goadsby,sgoadsbyjz@toplist.cz,Female,99
721,Rubi,Kierans,rkieransk0@reddit.com,Female,99
722,Danny,Itscowics,ditscowicsk1@simplemachines.org,Female,10
723,Dexter,Foukx,dfoukxk2@epa.gov,Polygender,100
724,Alexi,Heather,aheatherk3@woothemes.com,Female,63
725,Rivi,Burchall,rburchallk4@imageshack.us,Polygender,5
726,Russell,Swannack,rswannackk5@loc.gov,Male,34
727,Alexina,Anersen,aanersenk6@storify.com,Female,19
728,Ollie,Stute,ostutek7@narod.ru,Female,75
729,Saudra,Creasy,screasyk8@facebook.com,Female,39
730,Clarey,Eastam,ceastamk9@ehow.com,Female,19
731,Bernard,Lattimer,blattimerka@nsw.gov.au,Polygender,89
732,Phelia,Paroni,pparonikb@bing.com,Polygender,20
733,Maure,Wiszniewski,mwiszniewskikc@usnews.com,Female,49
734,Mei,Rignall,mrignallkd@123-reg.co.uk,Female,71
735,Garald,Girkins,ggirkinske@bravesites.com,Male,34
736,Debora,Brugh,dbrughkf@google.fr,Female,86
737,Conan,Chuck,cchuckkg@whitehouse.gov,Male,73
738,Bay,Lenthall,blenthallkh@omniture.com,Male,21
739,Reggy,Habin,rhabinki@craigslist.org,Male,77
740,Wynn,Minger,wmingerkj@reuters.com,Male,94
741,Cherlyn,MacAlpyne,cmacalpynekk@mozilla.org,Genderqueer,94
742,Sorcha,Ponton,spontonkl@plala.or.jp,Female,84
743,Kinnie,Treverton,ktrevertonkm@nyu.edu,Male,16
744,Dirk,Casella,dcasellakn@imgur.com,Male,49
745,Leigh,Bleasdille,lbleasdilleko@t-online.de,Female,42
746,Rorke,Habbeshaw,rhabbeshawkp@merriam-webster.com,Male,53
747,Anetta,Benyan,abenyankq@amazon.de,Female,95
748,Pancho,Frowing,pfrowingkr@github.io,Male,6
749,Shae,Dumbleton,sdumbletonks@weebly.com,Male,78
750,Jarred,Welham,jwelhamkt@elegantthemes.com,Male,32
751,Edie,Pickover,epickoverku@vk.com,Female,22
752,Nani,Railton,nrailtonkv@utexas.edu,Female,39
753,Kelby,Cannell,kcannellkw@t.co,Male,76
754,Babbie,Offill,boffillkx@phoca.cz,Female,60
755,Chlo,Gerding,cgerdingky@icio.us,Female,54
756,Wadsworth,Flett,wflettkz@mashable.com,Male,78
757,Harlene,Sagerson,hsagersonl0@g.co,Female,34
758,Berte,Nugent,bnugentl1@hatena.ne.jp,Female,65
759,Idalina,Grandin,igrandinl2@multiply.com,Female,38
760,Blondy,Chaytor,bchaytorl3@deliciousdays.com,Polygender,18
761,Sven,Aust,saustl4@tripadvisor.com,Male,78
762,Ede,Livingstone,elivingstonel5@w3.org,Female,39
763,Gussy,Phipps,gphippsl6@google.ca,Genderfluid,32
764,Cordula,Rey,creyl7@deviantart.com,Female,98
765,Esma,Kloss,eklossl8@cmu.edu,Female,24
766,Iormina,Al Hirsi,ialhirsil9@spiegel.de,Female,15
767,Leese,Deme,ldemela@youtube.com,Female,73
768,Elmo,Pree,epreelb@facebook.com,Male,84
769,Dusty,Cromblehome,dcromblehomelc@epa.gov,Female,83
770,Faber,De Brett,fdebrettld@yellowpages.com,Male,3
771,Rozalie,Tourry,rtourryle@dailymotion.com,Female,91
772,Eyde,Doore,edoorelf@jiathis.com,Female,31
773,Shellie,Barham,sbarhamlg@chron.com,Female,1
774,Blondell,Haly,bhalylh@dropbox.com,Female,6
775,Mireille,Sircombe,msircombeli@prnewswire.com,Female,73
776,Cesare,Duferie,cduferielj@phpbb.com,Male,81
777,Elroy,Smithen,esmithenlk@weather.com,Male,27
778,Clarinda,Postlewhite,cpostlewhitell@vkontakte.ru,Female,99
779,Corrianne,Abramow,cabramowlm@vinaora.com,Female,35
780,Joell,Willavize,jwillavizeln@princeton.edu,Female,83
781,Laurence,Rowlson,lrowlsonlo@weibo.com,Male,71
782,Jobina,Beinisch,jbeinischlp@netvibes.com,Female,10
783,Caddric,Iglesias,ciglesiaslq@nsw.gov.au,Male,74
784,Fidelia,Rivelin,frivelinlr@icio.us,Female,83
785,Buiron,Douris,bdourisls@shinystat.com,Male,67
786,Liliane,Le Count,llecountlt@nymag.com,Female,16
787,Catherine,Mingardo,cmingardolu@blogspot.com,Female,3
788,Shanda,Josefsson,sjosefssonlv@arstechnica.com,Female,94
789,Nathalie,Huntar,nhuntarlw@purevolume.com,Female,25
790,Dennis,Enbury,denburylx@prweb.com,Male,83
791,Annabelle,Blackborow,ablackborowly@ucoz.ru,Female,46
792,Courtnay,Breitler,cbreitlerlz@alexa.com,Male,20
793,Mollee,Guarin,mguarinm0@google.de,Genderfluid,68
794,Korie,Lockner,klocknerm1@people.com.cn,Female,94
795,Hatti,Pollak,hpollakm2@reference.com,Female,65
796,Binky,O'Corrane,bocorranem3@foxnews.com,Male,95
797,Chan,Mileham,cmilehamm4@cnet.com,Male,16
798,Tobye,Kindon,tkindonm5@hibu.com,Female,73
799,Monroe,Van Leeuwen,mvanleeuwenm6@marriott.com,Male,72
800,Trina,Fareweather,tfareweatherm7@craigslist.org,Female,3
801,Gordon,Lube,glubem8@businesswire.com,Male,41
802,Essa,Walters,ewaltersm9@tuttocitta.it,Female,2
803,Bertrando,Segot,bsegotma@freewebs.com,Male,19
804,Feodor,McKenna,fmckennamb@princeton.edu,Male,4
805,Emmy,Zipsell,ezipsellmc@feedburner.com,Male,20
806,Norton,Dibdin,ndibdinmd@liveinternet.ru,Male,34
807,Mack,Ockland,mocklandme@unesco.org,Male,78
808,Pansie,Broadnicke,pbroadnickemf@hud.gov,Female,44
809,Ellissa,Peers,epeersmg@cocolog-nifty.com,Female,60
810,Tiler,Whatmough,twhatmoughmh@state.tx.us,Male,92
811,Kimmy,Buist,kbuistmi@apache.org,Female,28
812,Jocelin,de Broke,jdebrokemj@jiathis.com,Female,66
813,Geoffry,Purveys,gpurveysmk@statcounter.com,Male,19
814,Lexine,Redshaw,lredshawml@howstuffworks.com,Female,76
815,Brittani,Brister,bbristermm@zdnet.com,Female,64
816,Noella,Baudins,nbaudinsmn@ifeng.com,Female,41
817,Heath,Goundsy,hgoundsymo@buzzfeed.com,Female,55
818,Brenn,O'Rodane,borodanemp@vimeo.com,Female,79
819,Paxton,Remon,premonmq@typepad.com,Male,39
820,Harlen,Keysel,hkeyselmr@wikipedia.org,Male,60
821,Barrie,Stainer,bstainerms@zdnet.com,Female,33
822,Alasteir,Storton,astortonmt@example.com,Male,31
823,Atlanta,Senechell,asenechellmu@cafepress.com,Female,28
824,Elston,Fencott,efencottmv@mail.ru,Male,66
825,Shalna,Dust,sdustmw@arstechnica.com,Female,67
826,Hyacinth,Jales,hjalesmx@tinyurl.com,Female,87
827,Valentina,Lindwasser,vlindwassermy@dyndns.org,Polygender,71
828,Rici,Chudleigh,rchudleighmz@theguardian.com,Female,18
829,Antonie,Hatherill,ahatherilln0@typepad.com,Female,53
830,Dulci,Lisamore,dlisamoren1@dell.com,Female,61
831,Halsey,Ricks,hricksn2@youtube.com,Male,45
832,Dukey,O' Cloney,docloneyn3@nydailynews.com,Male,11
833,Adrea,Branchett,abranchettn4@addtoany.com,Genderfluid,63
834,Natala,Gherardini,ngherardinin5@xinhuanet.com,Female,1
835,Easter,Cosbee,ecosbeen6@apple.com,Female,85
836,Cyndie,Matyatin,cmatyatinn7@aol.com,Female,84
837,Noemi,Langstone,nlangstonen8@gravatar.com,Female,73
838,Phillipp,Innocenti,pinnocentin9@amazon.com,Male,12
839,Grady,Pinock,gpinockna@blinklist.com,Male,22
840,Sheela,Dautry,sdautrynb@ow.ly,Female,48
841,Helaine,Koubek,hkoubeknc@com.com,Female,64
842,Lauree,Deble,ldeblend@ezinearticles.com,Female,97
843,Stephan,Purviss,spurvissne@scientificamerican.com,Male,21
844,Hallie,Moubray,hmoubraynf@ebay.co.uk,Female,98
845,Colman,Eberlein,ceberleinng@hatena.ne.jp,Male,88
846,Tani,Morrison,tmorrisonnh@usatoday.com,Female,100
847,Thurstan,Koopman,tkoopmanni@weibo.com,Male,20
848,Amery,Malins,amalinsnj@lulu.com,Male,5
849,Mona,Cowper,mcowpernk@icq.com,Female,8
850,Malynda,Howton,mhowtonnl@tmall.com,Female,14
851,Sheilah,Leyes,sleyesnm@lycos.com,Female,58
852,Eudora,Tiner,etinernn@people.com.cn,Female,51
853,Torey,Vinnick,tvinnickno@google.co.jp,Female,59
854,Christoper,Shitliff,cshitliffnp@ovh.net,Genderfluid,23
855,George,Patry,gpatrynq@homestead.com,Female,74
856,Ely,Burling,eburlingnr@shinystat.com,Male,21
857,Glendon,Milesop,gmilesopns@nydailynews.com,Male,100
858,Dorey,Trench,dtrenchnt@ft.com,Male,84
859,Milka,Butterworth,mbutterworthnu@prnewswire.com,Female,96
860,Lauree,Issatt,lissattnv@tumblr.com,Female,37
861,Odilia,Dandy,odandynw@wikia.com,Female,77
862,Arnoldo,Khristyukhin,akhristyukhinnx@vistaprint.com,Polygender,67
863,Zita,Lauritsen,zlauritsenny@gov.uk,Female,50
864,Grace,Lanahan,glanahannz@jigsy.com,Male,40
865,Angel,Hellings,ahellingso0@senate.gov,Male,63
866,Kaspar,Corton,kcortono1@rambler.ru,Male,55
867,Danny,Donohoe,ddonohoeo2@domainmarket.com,Female,94
868,Manny,Stanbro,mstanbroo3@comcast.net,Male,88
869,Kate,Langdon,klangdono4@sciencedaily.com,Female,84
870,Vilhelmina,Twopenny,vtwopennyo5@cdbaby.com,Female,71
871,Waneta,Stubbin,wstubbino6@admin.ch,Female,53
872,Moria,Zorzetti,mzorzettio7@blogs.com,Female,54
873,Madelena,Fowlds,mfowldso8@storify.com,Female,5
874,Walton,MacCrann,wmaccranno9@pcworld.com,Bigender,17
875,Christoffer,Wallington,cwallingtonoa@globo.com,Male,48
876,Kassi,Abrahmovici,kabrahmoviciob@i2i.jp,Female,62
877,Jillayne,Scutts,jscuttsoc@google.com.hk,Female,9
878,Sherman,Steers,ssteersod@shop-pro.jp,Male,10
879,Addy,Arnopp,aarnoppoe@printfriendly.com,Male,59
880,Aloysia,Gillford,agillfordof@bloglovin.com,Female,27
881,Arley,Lannon,alannonog@sourceforge.net,Male,5
882,Dilan,Whittick,dwhittickoh@statcounter.com,Male,64
883,Jerri,Lineen,jlineenoi@gov.uk,Male,1
884,Tobit,Lambell,tlambelloj@blogs.com,Male,40
885,Betsey,Stables,bstablesok@creativecommons.org,Female,93
886,Urbano,McHale,umchaleol@cbslocal.com,Genderqueer,66
887,Cory,Stratiff,cstratiffom@scientificamerican.com,Male,79
888,Marc,Mayes,mmayeson@yale.edu,Male,78
889,Allx,Grewcock,agrewcockoo@scribd.com,Female,40
890,Casi,Goodwins,cgoodwinsop@vinaora.com,Female,46
891,Adelle,Scarlin,ascarlinoq@scribd.com,Female,4
892,Arman,Daley,adaleyor@dedecms.com,Male,86
893,Mychal,Llop,mllopos@meetup.com,Male,35
894,Barrie,Bricknall,bbricknallot@altervista.org,Female,10
895,Catarina,Mercik,cmercikou@skyrock.com,Female,80
896,Ramsay,Munks,rmunksov@loc.gov,Male,37
897,Alexia,Yosevitz,ayosevitzow@statcounter.com,Female,53
898,Kalila,Ortsmann,kortsmannox@chron.com,Female,32
899,Kennith,Heardman,kheardmanoy@hatena.ne.jp,Male,31
900,Herb,Stallan,hstallanoz@wired.com,Male,18
901,Marcella,Servante,mservantep0@photobucket.com,Female,68
902,Nanine,Malthouse,nmalthousep1@craigslist.org,Female,60
903,Ody,Vacher,ovacherp2@irs.gov,Male,49
904,Gideon,Braidford,gbraidfordp3@techcrunch.com,Male,79
905,Bridgette,Butler,bbutlerp4@reddit.com,Female,34
906,Benedicto,Vyel,bvyelp5@facebook.com,Male,13
907,Field,Puxley,fpuxleyp6@businesswire.com,Male,26
908,Iago,Aird,iairdp7@free.fr,Male,18
909,Reade,Henkmann,rhenkmannp8@nbcnews.com,Male,17
910,Glenn,Howitt,ghowittp9@bandcamp.com,Genderqueer,45
911,Beatrice,Zealander,bzealanderpa@youtu.be,Female,74
912,Kurt,Beveridge,kbeveridgepb@uiuc.edu,Male,100
913,Kimmie,Dane,kdanepc@earthlink.net,Female,20
914,Pavel,Lawford,plawfordpd@nyu.edu,Male,43
915,Caprice,Beavon,cbeavonpe@archive.org,Female,10
916,Ingelbert,MacAnulty,imacanultypf@foxnews.com,Male,83
917,Georgie,Whalley,gwhalleypg@example.com,Male,8
918,Hermine,Whitten,hwhittenph@blog.com,Agender,32
919,Fleming,Hearsey,fhearseypi@epa.gov,Agender,60
920,Marchall,Waslin,mwaslinpj@usnews.com,Bigender,68
921,Dorey,Truelove,dtruelovepk@mlb.com,Male,86
922,Denys,Perree,dperreepl@ovh.net,Female,18
923,Daffi,Mickleburgh,dmickleburghpm@reuters.com,Female,2
924,Querida,McQuorkel,qmcquorkelpn@nifty.com,Female,31
925,Bronnie,MacCheyne,bmaccheynepo@earthlink.net,Male,46
926,Luce,Kliche,lklichepp@weather.com,Male,12
927,Bethanne,Cleugh,bcleughpq@trellian.com,Female,46
928,Odo,Rooms,oroomspr@utexas.edu,Male,4
929,Mitch,Ladley,mladleyps@tamu.edu,Male,92
930,Kimmie,Sandifer,ksandiferpt@baidu.com,Genderqueer,89
931,Lorenzo,MacLese,lmaclesepu@spiegel.de,Male,15
932,Hilliard,Prier,hprierpv@woothemes.com,Male,8
933,Skippie,Strooband,sstroobandpw@cbsnews.com,Male,44
934,Abbe,Agney,aagneypx@geocities.jp,Female,23
935,Cass,Vinson,cvinsonpy@soundcloud.com,Female,86
936,Meggi,Hockey,mhockeypz@cafepress.com,Female,45
937,Lillis,Braycotton,lbraycottonq0@shinystat.com,Female,4
938,Meta,Wurz,mwurzq1@oracle.com,Female,30
939,Ozzie,Yarnell,oyarnellq2@vimeo.com,Male,54
940,Liz,Dallinder,ldallinderq3@zdnet.com,Genderqueer,12
941,Tracee,Johnes,tjohnesq4@slashdot.org,Female,29
942,Millie,O' Ronan,moronanq5@soup.io,Female,23
943,Ramon,Legerton,rlegertonq6@boston.com,Male,48
944,Stanfield,Shearsby,sshearsbyq7@loc.gov,Male,30
945,Jorey,Cowill,jcowillq8@xing.com,Female,57
946,Tam,Sales,tsalesq9@ocn.ne.jp,Male,58
947,Alfie,Bartoszewicz,abartoszewiczqa@guardian.co.uk,Male,4
948,Rivkah,Carden,rcardenqb@harvard.edu,Female,45
949,Haleigh,Lunn,hlunnqc@fotki.com,Female,26
950,Gordan,De Filippis,gdefilippisqd@hugedomains.com,Male,77
951,Keely,Rozet,krozetqe@fda.gov,Female,11
952,Octavius,Carruthers,ocarruthersqf@altervista.org,Male,63
953,Wilfred,Crass,wcrassqg@google.ca,Male,30
954,Annnora,Tomasz,atomaszqh@yahoo.com,Female,38
955,Joel,Thurlow,jthurlowqi@irs.gov,Male,15
956,Burt,Geyton,bgeytonqj@joomla.org,Male,81
957,Arabela,Ricketts,arickettsqk@reverbnation.com,Female,99
958,Moll,Probate,mprobateql@home.pl,Female,98
959,Roxine,Trippett,rtrippettqm@smh.com.au,Female,27
960,Francoise,Minards,fminardsqn@instagram.com,Female,51
961,Marti,Drissell,mdrissellqo@cbsnews.com,Female,91
962,Irv,Kellart,ikellartqp@posterous.com,Male,1
963,Aleta,Ames,aamesqq@slideshare.net,Female,84
964,Blakelee,Vasile,bvasileqr@examiner.com,Female,86
965,Buffy,Barthropp,bbarthroppqs@about.com,Female,47
966,Halley,Jacquemet,hjacquemetqt@typepad.com,Non-binary,59
967,Odo,Niesing,oniesingqu@hubpages.com,Male,27
968,Bevan,Drain,bdrainqv@ow.ly,Male,18
969,Portie,Dreng,pdrengqw@nature.com,Male,97
970,Jerrie,Chetham,jchethamqx@ox.ac.uk,Male,11
971,Reginald,Meach,rmeachqy@tamu.edu,Male,59
972,Tabbatha,Snowling,tsnowlingqz@house.gov,Female,88
973,Cass,Samsworth,csamsworthr0@yolasite.com,Female,88
974,Yuri,Wesley,ywesleyr1@sina.com.cn,Male,21
975,Olag,Lombard,olombardr2@github.io,Male,80
976,Saudra,Giles,sgilesr3@ezinearticles.com,Female,32
977,Xever,Van der Hoeven,xvanderhoevenr4@github.com,Male,34
978,Eleen,Berard,eberardr5@nationalgeographic.com,Female,55
979,Caressa,Mcwhinney,cmcwhinneyr6@tamu.edu,Female,5
980,Wenona,Thireau,wthireaur7@liveinternet.ru,Female,7
981,Carola,Vacher,cvacherr8@admin.ch,Female,63
982,Aprilette,Boyn,aboynr9@clickbank.net,Genderqueer,23
983,Adda,Echallier,aechallierra@wiley.com,Female,15
984,Carissa,McMillan,cmcmillanrb@webs.com,Female,56
985,Ricca,Armstrong,rarmstrongrc@addtoany.com,Female,17
986,Hillier,Muzzini,hmuzzinird@ning.com,Male,10
987,Matti,Ganforthe,mganforthere@indiatimes.com,Female,60
988,Freddie,Uppett,fuppettrf@over-blog.com,Male,67
989,Derick,Segoe,dsegoerg@blogspot.com,Male,84
990,Collete,MacConnechie,cmacconnechierh@1688.com,Female,43
991,Bartolemo,Guerin,bguerinri@netlog.com,Male,57
992,Nelle,Ibert,nibertrj@yandex.ru,Female,40
993,Harris,Hughes,hhughesrk@macromedia.com,Male,85
994,Portia,Kuna,pkunarl@furl.net,Bigender,91
995,Caprice,Cossans,ccossansrm@mac.com,Female,26
996,Phillipp,Willgress,pwillgressrn@1688.com,Male,64
997,Tremayne,Grote,tgrotero@census.gov,Male,57
998,Abbi,Kelcey,akelceyrp@ihg.com,Female,61
999,Maxy,Toffts,mtofftsrq@hostgator.com,Male,82
1000,Etheline,Stannering,estanneringrr@hexun.com,Female,89
